id_rumah_gadang,id_user,id_recommendation,name,address,open,close,cp,geom,price_ticket,status,description,video_url,lat,lng
R01,5,1,Rumah Gadang Kaum suku bariang Dt. Sutan nachodo (Homestay 007),"Desa Wisata Saribu Rumah, Nagari Koto Baru, Kec. Sungai Pagu, Kabupaten Solok Selatan, Sumatera Barat 27776",6:00:00,20:00:00,81374017100,"{ ""type"": ""Polygon"", ""coordinates"": [ [ [ 101.058527513606336, -1.483630216670911 ], [ 101.057969614131238, -1.484102127152312 ], [ 101.058742090327513, -1.48433808235526 ], [ 101.058527513606336, -1.483630216670911 ] ] ] }",150000,Homestay,"Rumah Gadang adalah nama untuk rumah adat Minangkabau yang merupakan rumah tradisional dan banyak jumpai di Sumatra Barat, Indonesia. Rumah ini juga disebut dengan nama lain oleh masyarakat setempat dengan nama Rumah Bagonjong atau ada juga yang menyebut dengan nama Rumah Baanjuang. Rumah ini mempunyai ciri-ciri yang sangat khas dan indah, yaitu bentuk atap melengkung seperti tanduk kerbau dan bagian tengah mirip badan kapal.",RGA1.mp4,-1.487315,101.059522
R02,5,1,Rumah Gadang No. 175,"Desa Wisata Saribu Rumah, Nagari Koto Baru, Kec. Sungai Pagu, Kabupaten Solok Selatan, Sumatera Barat 27777",6:00:00,20:00:00,81374017100,"{ ""type"": ""Polygon"", ""coordinates"": [ [ [ 101.058527513606336, -1.483630216670911 ], [ 101.057969614131238, -1.484102127152312 ], [ 101.058742090327513, -1.48433808235526 ], [ 101.058527513606336, -1.483630216670911 ] ] ] }",0,Tidak Homestay,"Rumah Gadang adalah nama untuk rumah adat Minangkabau yang merupakan rumah tradisional dan banyak jumpai di Sumatra Barat, Indonesia. Rumah ini juga disebut dengan nama lain oleh masyarakat setempat dengan nama Rumah Bagonjong atau ada juga yang menyebut dengan nama Rumah Baanjuang. Rumah ini mempunyai ciri-ciri yang sangat khas dan indah, yaitu bentuk atap melengkung seperti tanduk kerbau dan bagian tengah mirip badan kapal.",RGA1.mp4,-1.487388,101.059612
R03,5,1,Rumah Gadang Suku Kampai,"Desa Wisata Saribu Rumah, Nagari Koto Baru, Kec. Sungai Pagu, Kabupaten Solok Selatan, Sumatera Barat 27778",6:00:00,20:00:00,81374017100,"{ ""type"": ""Polygon"", ""coordinates"": [ [ [ 101.058527513606336, -1.483630216670911 ], [ 101.057969614131238, -1.484102127152312 ], [ 101.058742090327513, -1.48433808235526 ], [ 101.058527513606336, -1.483630216670911 ] ] ] }",0,Tidak Homestay,"Rumah Gadang adalah nama untuk rumah adat Minangkabau yang merupakan rumah tradisional dan banyak jumpai di Sumatra Barat, Indonesia. Rumah ini juga disebut dengan nama lain oleh masyarakat setempat dengan nama Rumah Bagonjong atau ada juga yang menyebut dengan nama Rumah Baanjuang. Rumah ini mempunyai ciri-ciri yang sangat khas dan indah, yaitu bentuk atap melengkung seperti tanduk kerbau dan bagian tengah mirip badan kapal.",RGA1.mp4,-1.487204,101.059616
R04,5,2,Rumah Gadang No. 194 Suku Panai Tanjuang,"Desa Wisata Saribu Rumah, Nagari Koto Baru, Kec. Sungai Pagu, Kabupaten Solok Selatan, Sumatera Barat 27779",6:00:00,20:00:00,81374017100,"{ ""type"": ""Polygon"", ""coordinates"": [ [ [ 101.058527513606336, -1.483630216670911 ], [ 101.057969614131238, -1.484102127152312 ], [ 101.058742090327513, -1.48433808235526 ], [ 101.058527513606336, -1.483630216670911 ] ] ] }",0,Tidak Homestay,"Rumah Gadang adalah nama untuk rumah adat Minangkabau yang merupakan rumah tradisional dan banyak jumpai di Sumatra Barat, Indonesia. Rumah ini juga disebut dengan nama lain oleh masyarakat setempat dengan nama Rumah Bagonjong atau ada juga yang menyebut dengan nama Rumah Baanjuang. Rumah ini mempunyai ciri-ciri yang sangat khas dan indah, yaitu bentuk atap melengkung seperti tanduk kerbau dan bagian tengah mirip badan kapal.",RGA1.mp4,-1.486627,101.059214
R05,5,2,Rumah Gadang No. 197,"Desa Wisata Saribu Rumah, Nagari Koto Baru, Kec. Sungai Pagu, Kabupaten Solok Selatan, Sumatera Barat 27780",6:00:00,20:00:00,81374017100,"{ ""type"": ""Polygon"", ""coordinates"": [ [ [ 101.058527513606336, -1.483630216670911 ], [ 101.057969614131238, -1.484102127152312 ], [ 101.058742090327513, -1.48433808235526 ], [ 101.058527513606336, -1.483630216670911 ] ] ] }",0,Tidak Homestay,"Rumah Gadang adalah nama untuk rumah adat Minangkabau yang merupakan rumah tradisional dan banyak jumpai di Sumatra Barat, Indonesia. Rumah ini juga disebut dengan nama lain oleh masyarakat setempat dengan nama Rumah Bagonjong atau ada juga yang menyebut dengan nama Rumah Baanjuang. Rumah ini mempunyai ciri-ciri yang sangat khas dan indah, yaitu bentuk atap melengkung seperti tanduk kerbau dan bagian tengah mirip badan kapal.",RGA1.mp4,-1.486432,101.059147
R06,5,3,Rumah Gadang No. 115,"Desa Wisata Saribu Rumah, Nagari Koto Baru, Kec. Sungai Pagu, Kabupaten Solok Selatan, Sumatera Barat 27781",6:00:00,20:00:00,81374017100,"{ ""type"": ""Polygon"", ""coordinates"": [ [ [ 101.058527513606336, -1.483630216670911 ], [ 101.057969614131238, -1.484102127152312 ], [ 101.058742090327513, -1.48433808235526 ], [ 101.058527513606336, -1.483630216670911 ] ] ] }",0,Tidak Homestay,"Rumah Gadang adalah nama untuk rumah adat Minangkabau yang merupakan rumah tradisional dan banyak jumpai di Sumatra Barat, Indonesia. Rumah ini juga disebut dengan nama lain oleh masyarakat setempat dengan nama Rumah Bagonjong atau ada juga yang menyebut dengan nama Rumah Baanjuang. Rumah ini mempunyai ciri-ciri yang sangat khas dan indah, yaitu bentuk atap melengkung seperti tanduk kerbau dan bagian tengah mirip badan kapal.",RGA1.mp4,-1.486148,101.059111
R07,5,3,Rumah Gadang No 206,"Desa Wisata Saribu Rumah, Nagari Koto Baru, Kec. Sungai Pagu, Kabupaten Solok Selatan, Sumatera Barat 27782",6:00:00,20:00:00,81374017100,"{ ""type"": ""Polygon"", ""coordinates"": [ [ [ 101.058527513606336, -1.483630216670911 ], [ 101.057969614131238, -1.484102127152312 ], [ 101.058742090327513, -1.48433808235526 ], [ 101.058527513606336, -1.483630216670911 ] ] ] }",0,Tidak Homestay,"Rumah Gadang adalah nama untuk rumah adat Minangkabau yang merupakan rumah tradisional dan banyak jumpai di Sumatra Barat, Indonesia. Rumah ini juga disebut dengan nama lain oleh masyarakat setempat dengan nama Rumah Bagonjong atau ada juga yang menyebut dengan nama Rumah Baanjuang. Rumah ini mempunyai ciri-ciri yang sangat khas dan indah, yaitu bentuk atap melengkung seperti tanduk kerbau dan bagian tengah mirip badan kapal.",RGA1.mp4,-1.486027,101.059093
R08,5,3,Rumah Gadang No. 111 Suku Bariang,"Desa Wisata Saribu Rumah, Nagari Koto Baru, Kec. Sungai Pagu, Kabupaten Solok Selatan, Sumatera Barat 27783",6:00:00,20:00:00,81374017100,"{ ""type"": ""Polygon"", ""coordinates"": [ [ [ 101.058527513606336, -1.483630216670911 ], [ 101.057969614131238, -1.484102127152312 ], [ 101.058742090327513, -1.48433808235526 ], [ 101.058527513606336, -1.483630216670911 ] ] ] }",0,Tidak Homestay,"Rumah Gadang adalah nama untuk rumah adat Minangkabau yang merupakan rumah tradisional dan banyak jumpai di Sumatra Barat, Indonesia. Rumah ini juga disebut dengan nama lain oleh masyarakat setempat dengan nama Rumah Bagonjong atau ada juga yang menyebut dengan nama Rumah Baanjuang. Rumah ini mempunyai ciri-ciri yang sangat khas dan indah, yaitu bentuk atap melengkung seperti tanduk kerbau dan bagian tengah mirip badan kapal.",RGA1.mp4,-1.485992,101.059068
R09,5,3,Rumah Gadang Suku Bariang,"Desa Wisata Saribu Rumah, Nagari Koto Baru, Kec. Sungai Pagu, Kabupaten Solok Selatan, Sumatera Barat 27784",6:00:00,20:00:00,81374017100,"{ ""type"": ""Polygon"", ""coordinates"": [ [ [ 101.058527513606336, -1.483630216670911 ], [ 101.057969614131238, -1.484102127152312 ], [ 101.058742090327513, -1.48433808235526 ], [ 101.058527513606336, -1.483630216670911 ] ] ] }",0,Tidak Homestay,"Rumah Gadang adalah nama untuk rumah adat Minangkabau yang merupakan rumah tradisional dan banyak jumpai di Sumatra Barat, Indonesia. Rumah ini juga disebut dengan nama lain oleh masyarakat setempat dengan nama Rumah Bagonjong atau ada juga yang menyebut dengan nama Rumah Baanjuang. Rumah ini mempunyai ciri-ciri yang sangat khas dan indah, yaitu bentuk atap melengkung seperti tanduk kerbau dan bagian tengah mirip badan kapal.",RGA1.mp4,-1.485580,101.059015
R10,5,3,Rumah Gadang Suku Bariang,"Desa Wisata Saribu Rumah, Nagari Koto Baru, Kec. Sungai Pagu, Kabupaten Solok Selatan, Sumatera Barat 27785",6:00:00,20:00:00,81374017100,"{ ""type"": ""Polygon"", ""coordinates"": [ [ [ 101.058527513606336, -1.483630216670911 ], [ 101.057969614131238, -1.484102127152312 ], [ 101.058742090327513, -1.48433808235526 ], [ 101.058527513606336, -1.483630216670911 ] ] ] }",0,Tidak Homestay,"Rumah Gadang adalah nama untuk rumah adat Minangkabau yang merupakan rumah tradisional dan banyak jumpai di Sumatra Barat, Indonesia. Rumah ini juga disebut dengan nama lain oleh masyarakat setempat dengan nama Rumah Bagonjong atau ada juga yang menyebut dengan nama Rumah Baanjuang. Rumah ini mempunyai ciri-ciri yang sangat khas dan indah, yaitu bentuk atap melengkung seperti tanduk kerbau dan bagian tengah mirip badan kapal.",RGA1.mp4,-1.485321,101.058831
R11,5,3,Rumah Gadang B28 Suku Bariang,"Desa Wisata Saribu Rumah, Nagari Koto Baru, Kec. Sungai Pagu, Kabupaten Solok Selatan, Sumatera Barat 27786",6:00:00,20:00:00,81374017100,"{ ""type"": ""Polygon"", ""coordinates"": [ [ [ 101.058527513606336, -1.483630216670911 ], [ 101.057969614131238, -1.484102127152312 ], [ 101.058742090327513, -1.48433808235526 ], [ 101.058527513606336, -1.483630216670911 ] ] ] }",0,Tidak Homestay,"Rumah Gadang adalah nama untuk rumah adat Minangkabau yang merupakan rumah tradisional dan banyak jumpai di Sumatra Barat, Indonesia. Rumah ini juga disebut dengan nama lain oleh masyarakat setempat dengan nama Rumah Bagonjong atau ada juga yang menyebut dengan nama Rumah Baanjuang. Rumah ini mempunyai ciri-ciri yang sangat khas dan indah, yaitu bentuk atap melengkung seperti tanduk kerbau dan bagian tengah mirip badan kapal.",RGA1.mp4,-1.484989,101.058641
R12,5,3,Rumah Gadang B26,"Desa Wisata Saribu Rumah, Nagari Koto Baru, Kec. Sungai Pagu, Kabupaten Solok Selatan, Sumatera Barat 27787",6:00:00,20:00:00,81374017100,"{ ""type"": ""Polygon"", ""coordinates"": [ [ [ 101.058527513606336, -1.483630216670911 ], [ 101.057969614131238, -1.484102127152312 ], [ 101.058742090327513, -1.48433808235526 ], [ 101.058527513606336, -1.483630216670911 ] ] ] }",0,Tidak Homestay,"Rumah Gadang adalah nama untuk rumah adat Minangkabau yang merupakan rumah tradisional dan banyak jumpai di Sumatra Barat, Indonesia. Rumah ini juga disebut dengan nama lain oleh masyarakat setempat dengan nama Rumah Bagonjong atau ada juga yang menyebut dengan nama Rumah Baanjuang. Rumah ini mempunyai ciri-ciri yang sangat khas dan indah, yaitu bentuk atap melengkung seperti tanduk kerbau dan bagian tengah mirip badan kapal.",RGA1.mp4,-1.484995,101.058629
R13,5,3,Rumah Gadang Suku Bariang Sanga,"Desa Wisata Saribu Rumah, Nagari Koto Baru, Kec. Sungai Pagu, Kabupaten Solok Selatan, Sumatera Barat 27788",6:00:00,20:00:00,81374017100,"{ ""type"": ""Polygon"", ""coordinates"": [ [ [ 101.058527513606336, -1.483630216670911 ], [ 101.057969614131238, -1.484102127152312 ], [ 101.058742090327513, -1.48433808235526 ], [ 101.058527513606336, -1.483630216670911 ] ] ] }",0,Tidak Homestay,"Rumah Gadang adalah nama untuk rumah adat Minangkabau yang merupakan rumah tradisional dan banyak jumpai di Sumatra Barat, Indonesia. Rumah ini juga disebut dengan nama lain oleh masyarakat setempat dengan nama Rumah Bagonjong atau ada juga yang menyebut dengan nama Rumah Baanjuang. Rumah ini mempunyai ciri-ciri yang sangat khas dan indah, yaitu bentuk atap melengkung seperti tanduk kerbau dan bagian tengah mirip badan kapal.",RGA1.mp4,-1.485294,101.058721
R14,5,3,Rumah Gadang Suku Bariang,"Desa Wisata Saribu Rumah, Nagari Koto Baru, Kec. Sungai Pagu, Kabupaten Solok Selatan, Sumatera Barat 27789",6:00:00,20:00:00,81374017100,"{ ""type"": ""Polygon"", ""coordinates"": [ [ [ 101.058527513606336, -1.483630216670911 ], [ 101.057969614131238, -1.484102127152312 ], [ 101.058742090327513, -1.48433808235526 ], [ 101.058527513606336, -1.483630216670911 ] ] ] }",0,Tidak Homestay,"Rumah Gadang adalah nama untuk rumah adat Minangkabau yang merupakan rumah tradisional dan banyak jumpai di Sumatra Barat, Indonesia. Rumah ini juga disebut dengan nama lain oleh masyarakat setempat dengan nama Rumah Bagonjong atau ada juga yang menyebut dengan nama Rumah Baanjuang. Rumah ini mempunyai ciri-ciri yang sangat khas dan indah, yaitu bentuk atap melengkung seperti tanduk kerbau dan bagian tengah mirip badan kapal.",RGA1.mp4,-1.485295,101.058665
R15,5,3,Rumah Gadang B27 Suku Panai,"Desa Wisata Saribu Rumah, Nagari Koto Baru, Kec. Sungai Pagu, Kabupaten Solok Selatan, Sumatera Barat 27790",6:00:00,20:00:00,81374017100,"{ ""type"": ""Polygon"", ""coordinates"": [ [ [ 101.058527513606336, -1.483630216670911 ], [ 101.057969614131238, -1.484102127152312 ], [ 101.058742090327513, -1.48433808235526 ], [ 101.058527513606336, -1.483630216670911 ] ] ] }",0,Tidak Homestay,"Rumah Gadang adalah nama untuk rumah adat Minangkabau yang merupakan rumah tradisional dan banyak jumpai di Sumatra Barat, Indonesia. Rumah ini juga disebut dengan nama lain oleh masyarakat setempat dengan nama Rumah Bagonjong atau ada juga yang menyebut dengan nama Rumah Baanjuang. Rumah ini mempunyai ciri-ciri yang sangat khas dan indah, yaitu bentuk atap melengkung seperti tanduk kerbau dan bagian tengah mirip badan kapal.",RGA1.mp4,-1.484726,101.058519
R16,5,3,Rumah Gadang Suku Panai,"Desa Wisata Saribu Rumah, Nagari Koto Baru, Kec. Sungai Pagu, Kabupaten Solok Selatan, Sumatera Barat 27791",6:00:00,20:00:00,81374017100,"{ ""type"": ""Polygon"", ""coordinates"": [ [ [ 101.058527513606336, -1.483630216670911 ], [ 101.057969614131238, -1.484102127152312 ], [ 101.058742090327513, -1.48433808235526 ], [ 101.058527513606336, -1.483630216670911 ] ] ] }",0,Tidak Homestay,"Rumah Gadang adalah nama untuk rumah adat Minangkabau yang merupakan rumah tradisional dan banyak jumpai di Sumatra Barat, Indonesia. Rumah ini juga disebut dengan nama lain oleh masyarakat setempat dengan nama Rumah Bagonjong atau ada juga yang menyebut dengan nama Rumah Baanjuang. Rumah ini mempunyai ciri-ciri yang sangat khas dan indah, yaitu bentuk atap melengkung seperti tanduk kerbau dan bagian tengah mirip badan kapal.",RGA1.mp4,-1.484516,101.058357
R17,5,3,Rumah Gadang Suku Panai,"Desa Wisata Saribu Rumah, Nagari Koto Baru, Kec. Sungai Pagu, Kabupaten Solok Selatan, Sumatera Barat 27792",6:00:00,20:00:00,81374017100,"{ ""type"": ""Polygon"", ""coordinates"": [ [ [ 101.058527513606336, -1.483630216670911 ], [ 101.057969614131238, -1.484102127152312 ], [ 101.058742090327513, -1.48433808235526 ], [ 101.058527513606336, -1.483630216670911 ] ] ] }",0,Tidak Homestay,"Rumah Gadang adalah nama untuk rumah adat Minangkabau yang merupakan rumah tradisional dan banyak jumpai di Sumatra Barat, Indonesia. Rumah ini juga disebut dengan nama lain oleh masyarakat setempat dengan nama Rumah Bagonjong atau ada juga yang menyebut dengan nama Rumah Baanjuang. Rumah ini mempunyai ciri-ciri yang sangat khas dan indah, yaitu bentuk atap melengkung seperti tanduk kerbau dan bagian tengah mirip badan kapal.",RGA1.mp4,-1.484495,101.058315
R18,5,3,Rumah Gadang Suku Panai Dt. Sutan Baso,"Desa Wisata Saribu Rumah, Nagari Koto Baru, Kec. Sungai Pagu, Kabupaten Solok Selatan, Sumatera Barat 27793",6:00:00,20:00:00,81374017100,"{ ""type"": ""Polygon"", ""coordinates"": [ [ [ 101.058527513606336, -1.483630216670911 ], [ 101.057969614131238, -1.484102127152312 ], [ 101.058742090327513, -1.48433808235526 ], [ 101.058527513606336, -1.483630216670911 ] ] ] }",0,Tidak Homestay,"Rumah Gadang adalah nama untuk rumah adat Minangkabau yang merupakan rumah tradisional dan banyak jumpai di Sumatra Barat, Indonesia. Rumah ini juga disebut dengan nama lain oleh masyarakat setempat dengan nama Rumah Bagonjong atau ada juga yang menyebut dengan nama Rumah Baanjuang. Rumah ini mempunyai ciri-ciri yang sangat khas dan indah, yaitu bentuk atap melengkung seperti tanduk kerbau dan bagian tengah mirip badan kapal.",RGA1.mp4,-1.484006,101.057812
R19,5,3,Rumah Gadang A03 Panai Lua,"Desa Wisata Saribu Rumah, Nagari Koto Baru, Kec. Sungai Pagu, Kabupaten Solok Selatan, Sumatera Barat 27794",6:00:00,20:00:00,81374017100,"{ ""type"": ""Polygon"", ""coordinates"": [ [ [ 101.058527513606336, -1.483630216670911 ], [ 101.057969614131238, -1.484102127152312 ], [ 101.058742090327513, -1.48433808235526 ], [ 101.058527513606336, -1.483630216670911 ] ] ] }",0,Tidak Homestay,"Rumah Gadang adalah nama untuk rumah adat Minangkabau yang merupakan rumah tradisional dan banyak jumpai di Sumatra Barat, Indonesia. Rumah ini juga disebut dengan nama lain oleh masyarakat setempat dengan nama Rumah Bagonjong atau ada juga yang menyebut dengan nama Rumah Baanjuang. Rumah ini mempunyai ciri-ciri yang sangat khas dan indah, yaitu bentuk atap melengkung seperti tanduk kerbau dan bagian tengah mirip badan kapal.",RGA1.mp4,-1.483619,101.057475
R20,5,3,Rumah Gadang A02 Panai Lua,"Desa Wisata Saribu Rumah, Nagari Koto Baru, Kec. Sungai Pagu, Kabupaten Solok Selatan, Sumatera Barat 27795",6:00:00,20:00:00,81374017100,"{ ""type"": ""Polygon"", ""coordinates"": [ [ [ 101.058527513606336, -1.483630216670911 ], [ 101.057969614131238, -1.484102127152312 ], [ 101.058742090327513, -1.48433808235526 ], [ 101.058527513606336, -1.483630216670911 ] ] ] }",0,Tidak Homestay,"Rumah Gadang adalah nama untuk rumah adat Minangkabau yang merupakan rumah tradisional dan banyak jumpai di Sumatra Barat, Indonesia. Rumah ini juga disebut dengan nama lain oleh masyarakat setempat dengan nama Rumah Bagonjong atau ada juga yang menyebut dengan nama Rumah Baanjuang. Rumah ini mempunyai ciri-ciri yang sangat khas dan indah, yaitu bentuk atap melengkung seperti tanduk kerbau dan bagian tengah mirip badan kapal.",RGA1.mp4,-1.483600,101.057323
R21,5,3,Rumah Gadang Kaum Sikumbang (Homestay 006),"Desa Wisata Saribu Rumah, Nagari Koto Baru, Kec. Sungai Pagu, Kabupaten Solok Selatan, Sumatera Barat 27796",6:00:00,20:00:00,81374017100,"{ ""type"": ""Polygon"", ""coordinates"": [ [ [ 101.058527513606336, -1.483630216670911 ], [ 101.057969614131238, -1.484102127152312 ], [ 101.058742090327513, -1.48433808235526 ], [ 101.058527513606336, -1.483630216670911 ] ] ] }",200000,Homestay,"Rumah Gadang adalah nama untuk rumah adat Minangkabau yang merupakan rumah tradisional dan banyak jumpai di Sumatra Barat, Indonesia. Rumah ini juga disebut dengan nama lain oleh masyarakat setempat dengan nama Rumah Bagonjong atau ada juga yang menyebut dengan nama Rumah Baanjuang. Rumah ini mempunyai ciri-ciri yang sangat khas dan indah, yaitu bentuk atap melengkung seperti tanduk kerbau dan bagian tengah mirip badan kapal.",RGA1.mp4,-1.485630,101.058489
R22,5,3,Rumah Gadang No.221 Suku Bariang,"Desa Wisata Saribu Rumah, Nagari Koto Baru, Kec. Sungai Pagu, Kabupaten Solok Selatan, Sumatera Barat 27797",6:00:00,20:00:00,81374017100,"{ ""type"": ""Polygon"", ""coordinates"": [ [ [ 101.058527513606336, -1.483630216670911 ], [ 101.057969614131238, -1.484102127152312 ], [ 101.058742090327513, -1.48433808235526 ], [ 101.058527513606336, -1.483630216670911 ] ] ] }",0,Tidak Homestay,"Rumah Gadang adalah nama untuk rumah adat Minangkabau yang merupakan rumah tradisional dan banyak jumpai di Sumatra Barat, Indonesia. Rumah ini juga disebut dengan nama lain oleh masyarakat setempat dengan nama Rumah Bagonjong atau ada juga yang menyebut dengan nama Rumah Baanjuang. Rumah ini mempunyai ciri-ciri yang sangat khas dan indah, yaitu bentuk atap melengkung seperti tanduk kerbau dan bagian tengah mirip badan kapal.",RGA1.mp4,-1.486119,101.058707
R23,5,3,Rumah Gadang B48 Suku Bariang,"Desa Wisata Saribu Rumah, Nagari Koto Baru, Kec. Sungai Pagu, Kabupaten Solok Selatan, Sumatera Barat 27798",6:00:00,20:00:00,81374017100,"{ ""type"": ""Polygon"", ""coordinates"": [ [ [ 101.058527513606336, -1.483630216670911 ], [ 101.057969614131238, -1.484102127152312 ], [ 101.058742090327513, -1.48433808235526 ], [ 101.058527513606336, -1.483630216670911 ] ] ] }",0,Tidak Homestay,"Rumah Gadang adalah nama untuk rumah adat Minangkabau yang merupakan rumah tradisional dan banyak jumpai di Sumatra Barat, Indonesia. Rumah ini juga disebut dengan nama lain oleh masyarakat setempat dengan nama Rumah Bagonjong atau ada juga yang menyebut dengan nama Rumah Baanjuang. Rumah ini mempunyai ciri-ciri yang sangat khas dan indah, yaitu bentuk atap melengkung seperti tanduk kerbau dan bagian tengah mirip badan kapal.",RGA1.mp4,-1.487342,101.059955
R24,5,3,Rumah Gadang B47 Suku Bariang Dt. Koto Panjang ,"Desa Wisata Saribu Rumah, Nagari Koto Baru, Kec. Sungai Pagu, Kabupaten Solok Selatan, Sumatera Barat 27799",6:00:00,20:00:00,81374017100,"{ ""type"": ""Polygon"", ""coordinates"": [ [ [ 101.058527513606336, -1.483630216670911 ], [ 101.057969614131238, -1.484102127152312 ], [ 101.058742090327513, -1.48433808235526 ], [ 101.058527513606336, -1.483630216670911 ] ] ] }",0,Tidak Homestay,"Rumah Gadang adalah nama untuk rumah adat Minangkabau yang merupakan rumah tradisional dan banyak jumpai di Sumatra Barat, Indonesia. Rumah ini juga disebut dengan nama lain oleh masyarakat setempat dengan nama Rumah Bagonjong atau ada juga yang menyebut dengan nama Rumah Baanjuang. Rumah ini mempunyai ciri-ciri yang sangat khas dan indah, yaitu bentuk atap melengkung seperti tanduk kerbau dan bagian tengah mirip badan kapal.",RGA1.mp4,-1.487043,101.060207
R25,5,3,Rumah Gadang B46 Suku Melayu Tuk Kuaso,"Desa Wisata Saribu Rumah, Nagari Koto Baru, Kec. Sungai Pagu, Kabupaten Solok Selatan, Sumatera Barat 27800",6:00:00,20:00:00,81374017100,"{ ""type"": ""Polygon"", ""coordinates"": [ [ [ 101.058527513606336, -1.483630216670911 ], [ 101.057969614131238, -1.484102127152312 ], [ 101.058742090327513, -1.48433808235526 ], [ 101.058527513606336, -1.483630216670911 ] ] ] }",0,Tidak Homestay,"Rumah Gadang adalah nama untuk rumah adat Minangkabau yang merupakan rumah tradisional dan banyak jumpai di Sumatra Barat, Indonesia. Rumah ini juga disebut dengan nama lain oleh masyarakat setempat dengan nama Rumah Bagonjong atau ada juga yang menyebut dengan nama Rumah Baanjuang. Rumah ini mempunyai ciri-ciri yang sangat khas dan indah, yaitu bentuk atap melengkung seperti tanduk kerbau dan bagian tengah mirip badan kapal.",RGA1.mp4,-1.486946,101.060059
R26,5,3,Rumah Gadang B45 Suku Durian,"Desa Wisata Saribu Rumah, Nagari Koto Baru, Kec. Sungai Pagu, Kabupaten Solok Selatan, Sumatera Barat 27801",6:00:00,20:00:00,81374017100,"{ ""type"": ""Polygon"", ""coordinates"": [ [ [ 101.058527513606336, -1.483630216670911 ], [ 101.057969614131238, -1.484102127152312 ], [ 101.058742090327513, -1.48433808235526 ], [ 101.058527513606336, -1.483630216670911 ] ] ] }",0,Tidak Homestay,"Rumah Gadang adalah nama untuk rumah adat Minangkabau yang merupakan rumah tradisional dan banyak jumpai di Sumatra Barat, Indonesia. Rumah ini juga disebut dengan nama lain oleh masyarakat setempat dengan nama Rumah Bagonjong atau ada juga yang menyebut dengan nama Rumah Baanjuang. Rumah ini mempunyai ciri-ciri yang sangat khas dan indah, yaitu bentuk atap melengkung seperti tanduk kerbau dan bagian tengah mirip badan kapal.",RGA1.mp4,-1.486858,101.060071
R27,5,3,Rumah Gadang B43 Suku Durian Dt. Nan Batua,"Desa Wisata Saribu Rumah, Nagari Koto Baru, Kec. Sungai Pagu, Kabupaten Solok Selatan, Sumatera Barat 27802",6:00:00,20:00:00,81374017100,"{ ""type"": ""Polygon"", ""coordinates"": [ [ [ 101.058527513606336, -1.483630216670911 ], [ 101.057969614131238, -1.484102127152312 ], [ 101.058742090327513, -1.48433808235526 ], [ 101.058527513606336, -1.483630216670911 ] ] ] }",0,Tidak Homestay,"Rumah Gadang adalah nama untuk rumah adat Minangkabau yang merupakan rumah tradisional dan banyak jumpai di Sumatra Barat, Indonesia. Rumah ini juga disebut dengan nama lain oleh masyarakat setempat dengan nama Rumah Bagonjong atau ada juga yang menyebut dengan nama Rumah Baanjuang. Rumah ini mempunyai ciri-ciri yang sangat khas dan indah, yaitu bentuk atap melengkung seperti tanduk kerbau dan bagian tengah mirip badan kapal.",RGA1.mp4,-1.486818,101.059966
R28,5,3,Rumah Gadang B42 Suku Durian Dt. Nan Batua,"Desa Wisata Saribu Rumah, Nagari Koto Baru, Kec. Sungai Pagu, Kabupaten Solok Selatan, Sumatera Barat 27803",6:00:00,20:00:00,81374017100,"{ ""type"": ""Polygon"", ""coordinates"": [ [ [ 101.058527513606336, -1.483630216670911 ], [ 101.057969614131238, -1.484102127152312 ], [ 101.058742090327513, -1.48433808235526 ], [ 101.058527513606336, -1.483630216670911 ] ] ] }",0,Tidak Homestay,"Rumah Gadang adalah nama untuk rumah adat Minangkabau yang merupakan rumah tradisional dan banyak jumpai di Sumatra Barat, Indonesia. Rumah ini juga disebut dengan nama lain oleh masyarakat setempat dengan nama Rumah Bagonjong atau ada juga yang menyebut dengan nama Rumah Baanjuang. Rumah ini mempunyai ciri-ciri yang sangat khas dan indah, yaitu bentuk atap melengkung seperti tanduk kerbau dan bagian tengah mirip badan kapal.",RGA1.mp4,-1.486693,101.059698
R29,5,3,Rumah Gadang Gajah Maram Suku Melayu Buah Anau Dt. Lelo Panjang,"Desa Wisata Saribu Rumah, Nagari Koto Baru, Kec. Sungai Pagu, Kabupaten Solok Selatan, Sumatera Barat 27804",6:00:00,20:00:00,81374017100,"{ ""type"": ""Polygon"", ""coordinates"": [ [ [ 101.058527513606336, -1.483630216670911 ], [ 101.057969614131238, -1.484102127152312 ], [ 101.058742090327513, -1.48433808235526 ], [ 101.058527513606336, -1.483630216670911 ] ] ] }",0,Tidak Homestay,"Rumah Gadang adalah nama untuk rumah adat Minangkabau yang merupakan rumah tradisional dan banyak jumpai di Sumatra Barat, Indonesia. Rumah ini juga disebut dengan nama lain oleh masyarakat setempat dengan nama Rumah Bagonjong atau ada juga yang menyebut dengan nama Rumah Baanjuang. Rumah ini mempunyai ciri-ciri yang sangat khas dan indah, yaitu bentuk atap melengkung seperti tanduk kerbau dan bagian tengah mirip badan kapal.",RGA1.mp4,-1.484350,101.059712
R30,5,3,Rumah Gadang Suku Melayu Buah Anau,"Desa Wisata Saribu Rumah, Nagari Koto Baru, Kec. Sungai Pagu, Kabupaten Solok Selatan, Sumatera Barat 27805",6:00:00,20:00:00,81374017100,"{ ""type"": ""Polygon"", ""coordinates"": [ [ [ 101.058527513606336, -1.483630216670911 ], [ 101.057969614131238, -1.484102127152312 ], [ 101.058742090327513, -1.48433808235526 ], [ 101.058527513606336, -1.483630216670911 ] ] ] }",0,Tidak Homestay,"Rumah Gadang adalah nama untuk rumah adat Minangkabau yang merupakan rumah tradisional dan banyak jumpai di Sumatra Barat, Indonesia. Rumah ini juga disebut dengan nama lain oleh masyarakat setempat dengan nama Rumah Bagonjong atau ada juga yang menyebut dengan nama Rumah Baanjuang. Rumah ini mempunyai ciri-ciri yang sangat khas dan indah, yaitu bentuk atap melengkung seperti tanduk kerbau dan bagian tengah mirip badan kapal.",RGA1.mp4,-1.484498,101.059540
R31,5,3,Rumah Gadang Suku Panai Tangah Dt. Tambijo,"Desa Wisata Saribu Rumah, Nagari Koto Baru, Kec. Sungai Pagu, Kabupaten Solok Selatan, Sumatera Barat 27806",6:00:00,20:00:00,81374017100,"{ ""type"": ""Polygon"", ""coordinates"": [ [ [ 101.058527513606336, -1.483630216670911 ], [ 101.057969614131238, -1.484102127152312 ], [ 101.058742090327513, -1.48433808235526 ], [ 101.058527513606336, -1.483630216670911 ] ] ] }",0,Tidak Homestay,"Rumah Gadang adalah nama untuk rumah adat Minangkabau yang merupakan rumah tradisional dan banyak jumpai di Sumatra Barat, Indonesia. Rumah ini juga disebut dengan nama lain oleh masyarakat setempat dengan nama Rumah Bagonjong atau ada juga yang menyebut dengan nama Rumah Baanjuang. Rumah ini mempunyai ciri-ciri yang sangat khas dan indah, yaitu bentuk atap melengkung seperti tanduk kerbau dan bagian tengah mirip badan kapal.",RGA1.mp4,-1.484172,101.058624
R32,5,3,Rumah Gadang A57 Suku Panai,"Desa Wisata Saribu Rumah, Nagari Koto Baru, Kec. Sungai Pagu, Kabupaten Solok Selatan, Sumatera Barat 27807",6:00:00,20:00:00,81374017100,"{ ""type"": ""Polygon"", ""coordinates"": [ [ [ 101.058527513606336, -1.483630216670911 ], [ 101.057969614131238, -1.484102127152312 ], [ 101.058742090327513, -1.48433808235526 ], [ 101.058527513606336, -1.483630216670911 ] ] ] }",0,Tidak Homestay,"Rumah Gadang adalah nama untuk rumah adat Minangkabau yang merupakan rumah tradisional dan banyak jumpai di Sumatra Barat, Indonesia. Rumah ini juga disebut dengan nama lain oleh masyarakat setempat dengan nama Rumah Bagonjong atau ada juga yang menyebut dengan nama Rumah Baanjuang. Rumah ini mempunyai ciri-ciri yang sangat khas dan indah, yaitu bentuk atap melengkung seperti tanduk kerbau dan bagian tengah mirip badan kapal.",RGA1.mp4,-1.484323,101.059169
R33,5,3,Rumah Gadang Suku Melayu Dt. Rajo Aminullah,"Desa Wisata Saribu Rumah, Nagari Koto Baru, Kec. Sungai Pagu, Kabupaten Solok Selatan, Sumatera Barat 27808",6:00:00,20:00:00,81374017100,"{ ""type"": ""Polygon"", ""coordinates"": [ [ [ 101.058527513606336, -1.483630216670911 ], [ 101.057969614131238, -1.484102127152312 ], [ 101.058742090327513, -1.48433808235526 ], [ 101.058527513606336, -1.483630216670911 ] ] ] }",0,Tidak Homestay,"Rumah Gadang adalah nama untuk rumah adat Minangkabau yang merupakan rumah tradisional dan banyak jumpai di Sumatra Barat, Indonesia. Rumah ini juga disebut dengan nama lain oleh masyarakat setempat dengan nama Rumah Bagonjong atau ada juga yang menyebut dengan nama Rumah Baanjuang. Rumah ini mempunyai ciri-ciri yang sangat khas dan indah, yaitu bentuk atap melengkung seperti tanduk kerbau dan bagian tengah mirip badan kapal.",RGA1.mp4,-1.484681,101.058872
R34,5,3,Rumah Gadang A10 Suku Panai Tangah Nelson Basri Dt. Rajo Panghulu,"Desa Wisata Saribu Rumah, Nagari Koto Baru, Kec. Sungai Pagu, Kabupaten Solok Selatan, Sumatera Barat 27809",6:00:00,20:00:00,81374017100,"{ ""type"": ""Polygon"", ""coordinates"": [ [ [ 101.058527513606336, -1.483630216670911 ], [ 101.057969614131238, -1.484102127152312 ], [ 101.058742090327513, -1.48433808235526 ], [ 101.058527513606336, -1.483630216670911 ] ] ] }",0,Tidak Homestay,"Rumah Gadang adalah nama untuk rumah adat Minangkabau yang merupakan rumah tradisional dan banyak jumpai di Sumatra Barat, Indonesia. Rumah ini juga disebut dengan nama lain oleh masyarakat setempat dengan nama Rumah Bagonjong atau ada juga yang menyebut dengan nama Rumah Baanjuang. Rumah ini mempunyai ciri-ciri yang sangat khas dan indah, yaitu bentuk atap melengkung seperti tanduk kerbau dan bagian tengah mirip badan kapal.",RGA1.mp4,-1.484053,101.058901
R35,5,3,Rumah Gadang A55 Suku Panai Tangah,"Desa Wisata Saribu Rumah, Nagari Koto Baru, Kec. Sungai Pagu, Kabupaten Solok Selatan, Sumatera Barat 27810",6:00:00,20:00:00,81374017100,"{ ""type"": ""Polygon"", ""coordinates"": [ [ [ 101.058527513606336, -1.483630216670911 ], [ 101.057969614131238, -1.484102127152312 ], [ 101.058742090327513, -1.48433808235526 ], [ 101.058527513606336, -1.483630216670911 ] ] ] }",0,Tidak Homestay,"Rumah Gadang adalah nama untuk rumah adat Minangkabau yang merupakan rumah tradisional dan banyak jumpai di Sumatra Barat, Indonesia. Rumah ini juga disebut dengan nama lain oleh masyarakat setempat dengan nama Rumah Bagonjong atau ada juga yang menyebut dengan nama Rumah Baanjuang. Rumah ini mempunyai ciri-ciri yang sangat khas dan indah, yaitu bentuk atap melengkung seperti tanduk kerbau dan bagian tengah mirip badan kapal.",RGA1.mp4,-1.483616,101.059111
R36,5,3,Rumah Gadang A11 Suku Sikumbang,"Desa Wisata Saribu Rumah, Nagari Koto Baru, Kec. Sungai Pagu, Kabupaten Solok Selatan, Sumatera Barat 27811",6:00:00,20:00:00,81374017100,"{ ""type"": ""Polygon"", ""coordinates"": [ [ [ 101.058527513606336, -1.483630216670911 ], [ 101.057969614131238, -1.484102127152312 ], [ 101.058742090327513, -1.48433808235526 ], [ 101.058527513606336, -1.483630216670911 ] ] ] }",0,Tidak Homestay,"Rumah Gadang adalah nama untuk rumah adat Minangkabau yang merupakan rumah tradisional dan banyak jumpai di Sumatra Barat, Indonesia. Rumah ini juga disebut dengan nama lain oleh masyarakat setempat dengan nama Rumah Bagonjong atau ada juga yang menyebut dengan nama Rumah Baanjuang. Rumah ini mempunyai ciri-ciri yang sangat khas dan indah, yaitu bentuk atap melengkung seperti tanduk kerbau dan bagian tengah mirip badan kapal.",RGA1.mp4,-1.483808,101.058916
R37,5,3,Rumah Gadang Suku Sikumbang Dt. Lelo Dirajo (Homestay 011),"Desa Wisata Saribu Rumah, Nagari Koto Baru, Kec. Sungai Pagu, Kabupaten Solok Selatan, Sumatera Barat 27812",6:00:00,20:00:00,81374017100,"{ ""type"": ""Polygon"", ""coordinates"": [ [ [ 101.058527513606336, -1.483630216670911 ], [ 101.057969614131238, -1.484102127152312 ], [ 101.058742090327513, -1.48433808235526 ], [ 101.058527513606336, -1.483630216670911 ] ] ] }",100000,Homestay,"Rumah Gadang adalah nama untuk rumah adat Minangkabau yang merupakan rumah tradisional dan banyak jumpai di Sumatra Barat, Indonesia. Rumah ini juga disebut dengan nama lain oleh masyarakat setempat dengan nama Rumah Bagonjong atau ada juga yang menyebut dengan nama Rumah Baanjuang. Rumah ini mempunyai ciri-ciri yang sangat khas dan indah, yaitu bentuk atap melengkung seperti tanduk kerbau dan bagian tengah mirip badan kapal.",RGA1.mp4,-1.483654,101.058965
R38,5,3,Rumah Gadang Suku Melayu Dt. Rajo Molie (Homestay 003),"Desa Wisata Saribu Rumah, Nagari Koto Baru, Kec. Sungai Pagu, Kabupaten Solok Selatan, Sumatera Barat 27813",6:00:00,20:00:00,81374017100,"{ ""type"": ""Polygon"", ""coordinates"": [ [ [ 101.058527513606336, -1.483630216670911 ], [ 101.057969614131238, -1.484102127152312 ], [ 101.058742090327513, -1.48433808235526 ], [ 101.058527513606336, -1.483630216670911 ] ] ] }",100000,Homestay,"Rumah Gadang adalah nama untuk rumah adat Minangkabau yang merupakan rumah tradisional dan banyak jumpai di Sumatra Barat, Indonesia. Rumah ini juga disebut dengan nama lain oleh masyarakat setempat dengan nama Rumah Bagonjong atau ada juga yang menyebut dengan nama Rumah Baanjuang. Rumah ini mempunyai ciri-ciri yang sangat khas dan indah, yaitu bentuk atap melengkung seperti tanduk kerbau dan bagian tengah mirip badan kapal.",RGA1.mp4,-1.483454,101.058881
R39,5,3,Rumah Gadang A42,"Desa Wisata Saribu Rumah, Nagari Koto Baru, Kec. Sungai Pagu, Kabupaten Solok Selatan, Sumatera Barat 27814",6:00:00,20:00:00,81374017100,"{ ""type"": ""Polygon"", ""coordinates"": [ [ [ 101.058527513606336, -1.483630216670911 ], [ 101.057969614131238, -1.484102127152312 ], [ 101.058742090327513, -1.48433808235526 ], [ 101.058527513606336, -1.483630216670911 ] ] ] }",0,Tidak Homestay,"Rumah Gadang adalah nama untuk rumah adat Minangkabau yang merupakan rumah tradisional dan banyak jumpai di Sumatra Barat, Indonesia. Rumah ini juga disebut dengan nama lain oleh masyarakat setempat dengan nama Rumah Bagonjong atau ada juga yang menyebut dengan nama Rumah Baanjuang. Rumah ini mempunyai ciri-ciri yang sangat khas dan indah, yaitu bentuk atap melengkung seperti tanduk kerbau dan bagian tengah mirip badan kapal.",RGA1.mp4,-1.482804,101.059313
R40,5,3,Rumah Gadang Suku Kaum Tigo Lareh Dt. Ratu (Homestay 002) ,"Desa Wisata Saribu Rumah, Nagari Koto Baru, Kec. Sungai Pagu, Kabupaten Solok Selatan, Sumatera Barat 27815",6:00:00,20:00:00,81374017100,"{ ""type"": ""Polygon"", ""coordinates"": [ [ [ 101.058527513606336, -1.483630216670911 ], [ 101.057969614131238, -1.484102127152312 ], [ 101.058742090327513, -1.48433808235526 ], [ 101.058527513606336, -1.483630216670911 ] ] ] }",150000,Homestay,"Rumah Gadang adalah nama untuk rumah adat Minangkabau yang merupakan rumah tradisional dan banyak jumpai di Sumatra Barat, Indonesia. Rumah ini juga disebut dengan nama lain oleh masyarakat setempat dengan nama Rumah Bagonjong atau ada juga yang menyebut dengan nama Rumah Baanjuang. Rumah ini mempunyai ciri-ciri yang sangat khas dan indah, yaitu bentuk atap melengkung seperti tanduk kerbau dan bagian tengah mirip badan kapal.",RGA1.mp4,-1.482449,101.059429
R41,5,3,Rumah Gadang A41 Suku  Sikumbang,"Desa Wisata Saribu Rumah, Nagari Koto Baru, Kec. Sungai Pagu, Kabupaten Solok Selatan, Sumatera Barat 27816",6:00:00,20:00:00,81374017100,"{ ""type"": ""Polygon"", ""coordinates"": [ [ [ 101.058527513606336, -1.483630216670911 ], [ 101.057969614131238, -1.484102127152312 ], [ 101.058742090327513, -1.48433808235526 ], [ 101.058527513606336, -1.483630216670911 ] ] ] }",0,Tidak Homestay,"Rumah Gadang adalah nama untuk rumah adat Minangkabau yang merupakan rumah tradisional dan banyak jumpai di Sumatra Barat, Indonesia. Rumah ini juga disebut dengan nama lain oleh masyarakat setempat dengan nama Rumah Bagonjong atau ada juga yang menyebut dengan nama Rumah Baanjuang. Rumah ini mempunyai ciri-ciri yang sangat khas dan indah, yaitu bentuk atap melengkung seperti tanduk kerbau dan bagian tengah mirip badan kapal.",RGA1.mp4,-1.482615,101.059430
R42,5,3,Rumah Gadang Batam Murni ,"Desa Wisata Saribu Rumah, Nagari Koto Baru, Kec. Sungai Pagu, Kabupaten Solok Selatan, Sumatera Barat 27817",6:00:00,20:00:00,81374017100,"{ ""type"": ""Polygon"", ""coordinates"": [ [ [ 101.058527513606336, -1.483630216670911 ], [ 101.057969614131238, -1.484102127152312 ], [ 101.058742090327513, -1.48433808235526 ], [ 101.058527513606336, -1.483630216670911 ] ] ] }",0,Tidak Homestay,"Rumah Gadang adalah nama untuk rumah adat Minangkabau yang merupakan rumah tradisional dan banyak jumpai di Sumatra Barat, Indonesia. Rumah ini juga disebut dengan nama lain oleh masyarakat setempat dengan nama Rumah Bagonjong atau ada juga yang menyebut dengan nama Rumah Baanjuang. Rumah ini mempunyai ciri-ciri yang sangat khas dan indah, yaitu bentuk atap melengkung seperti tanduk kerbau dan bagian tengah mirip badan kapal.",RGA1.mp4,-1.482253,101.059419
R43,5,3,Rumah Gadang Dt. Majo Indo (Homestay 001),"Desa Wisata Saribu Rumah, Nagari Koto Baru, Kec. Sungai Pagu, Kabupaten Solok Selatan, Sumatera Barat 27818",6:00:00,20:00:00,81374017100,"{ ""type"": ""Polygon"", ""coordinates"": [ [ [ 101.058527513606336, -1.483630216670911 ], [ 101.057969614131238, -1.484102127152312 ], [ 101.058742090327513, -1.48433808235526 ], [ 101.058527513606336, -1.483630216670911 ] ] ] }",200000,Homestay,"Rumah Gadang adalah nama untuk rumah adat Minangkabau yang merupakan rumah tradisional dan banyak jumpai di Sumatra Barat, Indonesia. Rumah ini juga disebut dengan nama lain oleh masyarakat setempat dengan nama Rumah Bagonjong atau ada juga yang menyebut dengan nama Rumah Baanjuang. Rumah ini mempunyai ciri-ciri yang sangat khas dan indah, yaitu bentuk atap melengkung seperti tanduk kerbau dan bagian tengah mirip badan kapal.",RGA1.mp4,-1.482282,101.059226
R44,5,3,Rumah Gadang Koto Anyia,"Desa Wisata Saribu Rumah, Nagari Koto Baru, Kec. Sungai Pagu, Kabupaten Solok Selatan, Sumatera Barat 27819",6:00:00,20:00:00,81374017100,"{ ""type"": ""Polygon"", ""coordinates"": [ [ [ 101.058527513606336, -1.483630216670911 ], [ 101.057969614131238, -1.484102127152312 ], [ 101.058742090327513, -1.48433808235526 ], [ 101.058527513606336, -1.483630216670911 ] ] ] }",0,Tidak Homestay,"Rumah Gadang adalah nama untuk rumah adat Minangkabau yang merupakan rumah tradisional dan banyak jumpai di Sumatra Barat, Indonesia. Rumah ini juga disebut dengan nama lain oleh masyarakat setempat dengan nama Rumah Bagonjong atau ada juga yang menyebut dengan nama Rumah Baanjuang. Rumah ini mempunyai ciri-ciri yang sangat khas dan indah, yaitu bentuk atap melengkung seperti tanduk kerbau dan bagian tengah mirip badan kapal.",RGA1.mp4,-1.482161,101.059295
R45,5,3,Rumah Gadang Tigo Lareh Suku Koto Anyia,"Desa Wisata Saribu Rumah, Nagari Koto Baru, Kec. Sungai Pagu, Kabupaten Solok Selatan, Sumatera Barat 27820",6:00:00,20:00:00,81374017100,"{ ""type"": ""Polygon"", ""coordinates"": [ [ [ 101.058527513606336, -1.483630216670911 ], [ 101.057969614131238, -1.484102127152312 ], [ 101.058742090327513, -1.48433808235526 ], [ 101.058527513606336, -1.483630216670911 ] ] ] }",0,Tidak Homestay,"Rumah Gadang adalah nama untuk rumah adat Minangkabau yang merupakan rumah tradisional dan banyak jumpai di Sumatra Barat, Indonesia. Rumah ini juga disebut dengan nama lain oleh masyarakat setempat dengan nama Rumah Bagonjong atau ada juga yang menyebut dengan nama Rumah Baanjuang. Rumah ini mempunyai ciri-ciri yang sangat khas dan indah, yaitu bentuk atap melengkung seperti tanduk kerbau dan bagian tengah mirip badan kapal.",RGA1.mp4,-1.482059,101.059189
R46,5,3,Rumah Gadang Tigo Lareh Suku Koto Anyia (Homestay 013),"Desa Wisata Saribu Rumah, Nagari Koto Baru, Kec. Sungai Pagu, Kabupaten Solok Selatan, Sumatera Barat 27821",6:00:00,20:00:00,81374017100,"{ ""type"": ""Polygon"", ""coordinates"": [ [ [ 101.058527513606336, -1.483630216670911 ], [ 101.057969614131238, -1.484102127152312 ], [ 101.058742090327513, -1.48433808235526 ], [ 101.058527513606336, -1.483630216670911 ] ] ] }",200000,Homestay,"Rumah Gadang adalah nama untuk rumah adat Minangkabau yang merupakan rumah tradisional dan banyak jumpai di Sumatra Barat, Indonesia. Rumah ini juga disebut dengan nama lain oleh masyarakat setempat dengan nama Rumah Bagonjong atau ada juga yang menyebut dengan nama Rumah Baanjuang. Rumah ini mempunyai ciri-ciri yang sangat khas dan indah, yaitu bentuk atap melengkung seperti tanduk kerbau dan bagian tengah mirip badan kapal.",RGA1.mp4,-1.482016,101.059140
R47,5,3,Rumah Gadang Tigo Lareh Suku Koto Anyia,"Desa Wisata Saribu Rumah, Nagari Koto Baru, Kec. Sungai Pagu, Kabupaten Solok Selatan, Sumatera Barat 27822",6:00:00,20:00:00,81374017100,"{ ""type"": ""Polygon"", ""coordinates"": [ [ [ 101.058527513606336, -1.483630216670911 ], [ 101.057969614131238, -1.484102127152312 ], [ 101.058742090327513, -1.48433808235526 ], [ 101.058527513606336, -1.483630216670911 ] ] ] }",0,Tidak Homestay,"Rumah Gadang adalah nama untuk rumah adat Minangkabau yang merupakan rumah tradisional dan banyak jumpai di Sumatra Barat, Indonesia. Rumah ini juga disebut dengan nama lain oleh masyarakat setempat dengan nama Rumah Bagonjong atau ada juga yang menyebut dengan nama Rumah Baanjuang. Rumah ini mempunyai ciri-ciri yang sangat khas dan indah, yaitu bentuk atap melengkung seperti tanduk kerbau dan bagian tengah mirip badan kapal.",RGA1.mp4,-1.481980,101.059280
R48,5,3,Rumah Gadang Suku Panai,"Desa Wisata Saribu Rumah, Nagari Koto Baru, Kec. Sungai Pagu, Kabupaten Solok Selatan, Sumatera Barat 27823",6:00:00,20:00:00,81374017100,"{ ""type"": ""Polygon"", ""coordinates"": [ [ [ 101.058527513606336, -1.483630216670911 ], [ 101.057969614131238, -1.484102127152312 ], [ 101.058742090327513, -1.48433808235526 ], [ 101.058527513606336, -1.483630216670911 ] ] ] }",0,Tidak Homestay,"Rumah Gadang adalah nama untuk rumah adat Minangkabau yang merupakan rumah tradisional dan banyak jumpai di Sumatra Barat, Indonesia. Rumah ini juga disebut dengan nama lain oleh masyarakat setempat dengan nama Rumah Bagonjong atau ada juga yang menyebut dengan nama Rumah Baanjuang. Rumah ini mempunyai ciri-ciri yang sangat khas dan indah, yaitu bentuk atap melengkung seperti tanduk kerbau dan bagian tengah mirip badan kapal.",RGA1.mp4,-1.481059,101.060025
R49,5,3,Rumah Gadang Suku Panai,"Desa Wisata Saribu Rumah, Nagari Koto Baru, Kec. Sungai Pagu, Kabupaten Solok Selatan, Sumatera Barat 27824",6:00:00,20:00:00,81374017100,"{ ""type"": ""Polygon"", ""coordinates"": [ [ [ 101.058527513606336, -1.483630216670911 ], [ 101.057969614131238, -1.484102127152312 ], [ 101.058742090327513, -1.48433808235526 ], [ 101.058527513606336, -1.483630216670911 ] ] ] }",0,Tidak Homestay,"Rumah Gadang adalah nama untuk rumah adat Minangkabau yang merupakan rumah tradisional dan banyak jumpai di Sumatra Barat, Indonesia. Rumah ini juga disebut dengan nama lain oleh masyarakat setempat dengan nama Rumah Bagonjong atau ada juga yang menyebut dengan nama Rumah Baanjuang. Rumah ini mempunyai ciri-ciri yang sangat khas dan indah, yaitu bentuk atap melengkung seperti tanduk kerbau dan bagian tengah mirip badan kapal.",RGA1.mp4,-1.481616,101.059736
R50,5,3,Rumah Gadang No. 67 Suku Panai,"Desa Wisata Saribu Rumah, Nagari Koto Baru, Kec. Sungai Pagu, Kabupaten Solok Selatan, Sumatera Barat 27825",6:00:00,20:00:00,81374017100,"{ ""type"": ""Polygon"", ""coordinates"": [ [ [ 101.058527513606336, -1.483630216670911 ], [ 101.057969614131238, -1.484102127152312 ], [ 101.058742090327513, -1.48433808235526 ], [ 101.058527513606336, -1.483630216670911 ] ] ] }",0,Tidak Homestay,"Rumah Gadang adalah nama untuk rumah adat Minangkabau yang merupakan rumah tradisional dan banyak jumpai di Sumatra Barat, Indonesia. Rumah ini juga disebut dengan nama lain oleh masyarakat setempat dengan nama Rumah Bagonjong atau ada juga yang menyebut dengan nama Rumah Baanjuang. Rumah ini mempunyai ciri-ciri yang sangat khas dan indah, yaitu bentuk atap melengkung seperti tanduk kerbau dan bagian tengah mirip badan kapal.",RGA1.mp4,-1.481990,101.059640
R51,5,3,Rumah Gadang A47 Suku Tigo Lareh,"Desa Wisata Saribu Rumah, Nagari Koto Baru, Kec. Sungai Pagu, Kabupaten Solok Selatan, Sumatera Barat 27826",6:00:00,20:00:00,81374017100,"{ ""type"": ""Polygon"", ""coordinates"": [ [ [ 101.058527513606336, -1.483630216670911 ], [ 101.057969614131238, -1.484102127152312 ], [ 101.058742090327513, -1.48433808235526 ], [ 101.058527513606336, -1.483630216670911 ] ] ] }",0,Tidak Homestay,"Rumah Gadang adalah nama untuk rumah adat Minangkabau yang merupakan rumah tradisional dan banyak jumpai di Sumatra Barat, Indonesia. Rumah ini juga disebut dengan nama lain oleh masyarakat setempat dengan nama Rumah Bagonjong atau ada juga yang menyebut dengan nama Rumah Baanjuang. Rumah ini mempunyai ciri-ciri yang sangat khas dan indah, yaitu bentuk atap melengkung seperti tanduk kerbau dan bagian tengah mirip badan kapal.",RGA1.mp4,-1.482082,101.059708
R52,5,3,Rumah Gadang No. 75 Suku Tigo Lareh,"Desa Wisata Saribu Rumah, Nagari Koto Baru, Kec. Sungai Pagu, Kabupaten Solok Selatan, Sumatera Barat 27827",6:00:00,20:00:00,81374017100,"{ ""type"": ""Polygon"", ""coordinates"": [ [ [ 101.058527513606336, -1.483630216670911 ], [ 101.057969614131238, -1.484102127152312 ], [ 101.058742090327513, -1.48433808235526 ], [ 101.058527513606336, -1.483630216670911 ] ] ] }",0,Tidak Homestay,"Rumah Gadang adalah nama untuk rumah adat Minangkabau yang merupakan rumah tradisional dan banyak jumpai di Sumatra Barat, Indonesia. Rumah ini juga disebut dengan nama lain oleh masyarakat setempat dengan nama Rumah Bagonjong atau ada juga yang menyebut dengan nama Rumah Baanjuang. Rumah ini mempunyai ciri-ciri yang sangat khas dan indah, yaitu bentuk atap melengkung seperti tanduk kerbau dan bagian tengah mirip badan kapal.",RGA1.mp4,-1.482396,101.059802
R53,5,3,Rumah Gadang Suku Tigo Lareh,"Desa Wisata Saribu Rumah, Nagari Koto Baru, Kec. Sungai Pagu, Kabupaten Solok Selatan, Sumatera Barat 27828",6:00:00,20:00:00,81374017100,"{ ""type"": ""Polygon"", ""coordinates"": [ [ [ 101.058527513606336, -1.483630216670911 ], [ 101.057969614131238, -1.484102127152312 ], [ 101.058742090327513, -1.48433808235526 ], [ 101.058527513606336, -1.483630216670911 ] ] ] }",0,Tidak Homestay,"Rumah Gadang adalah nama untuk rumah adat Minangkabau yang merupakan rumah tradisional dan banyak jumpai di Sumatra Barat, Indonesia. Rumah ini juga disebut dengan nama lain oleh masyarakat setempat dengan nama Rumah Bagonjong atau ada juga yang menyebut dengan nama Rumah Baanjuang. Rumah ini mempunyai ciri-ciri yang sangat khas dan indah, yaitu bentuk atap melengkung seperti tanduk kerbau dan bagian tengah mirip badan kapal.",RGA1.mp4,-1.482577,101.059809
R54,5,3,Rumah Gadang Suku Tigo Lareh,"Desa Wisata Saribu Rumah, Nagari Koto Baru, Kec. Sungai Pagu, Kabupaten Solok Selatan, Sumatera Barat 27829",6:00:00,20:00:00,81374017100,"{ ""type"": ""Polygon"", ""coordinates"": [ [ [ 101.058527513606336, -1.483630216670911 ], [ 101.057969614131238, -1.484102127152312 ], [ 101.058742090327513, -1.48433808235526 ], [ 101.058527513606336, -1.483630216670911 ] ] ] }",0,Tidak Homestay,"Rumah Gadang adalah nama untuk rumah adat Minangkabau yang merupakan rumah tradisional dan banyak jumpai di Sumatra Barat, Indonesia. Rumah ini juga disebut dengan nama lain oleh masyarakat setempat dengan nama Rumah Bagonjong atau ada juga yang menyebut dengan nama Rumah Baanjuang. Rumah ini mempunyai ciri-ciri yang sangat khas dan indah, yaitu bentuk atap melengkung seperti tanduk kerbau dan bagian tengah mirip badan kapal.",RGA1.mp4,-1.482846,101.059818
R55,5,3,Rumah Gadang Suku Koto Kaciak Sutan Ajo Malelo ,"Desa Wisata Saribu Rumah, Nagari Koto Baru, Kec. Sungai Pagu, Kabupaten Solok Selatan, Sumatera Barat 27830",6:00:00,20:00:00,81374017100,"{ ""type"": ""Polygon"", ""coordinates"": [ [ [ 101.058527513606336, -1.483630216670911 ], [ 101.057969614131238, -1.484102127152312 ], [ 101.058742090327513, -1.48433808235526 ], [ 101.058527513606336, -1.483630216670911 ] ] ] }",0,Tidak Homestay,"Rumah Gadang adalah nama untuk rumah adat Minangkabau yang merupakan rumah tradisional dan banyak jumpai di Sumatra Barat, Indonesia. Rumah ini juga disebut dengan nama lain oleh masyarakat setempat dengan nama Rumah Bagonjong atau ada juga yang menyebut dengan nama Rumah Baanjuang. Rumah ini mempunyai ciri-ciri yang sangat khas dan indah, yaitu bentuk atap melengkung seperti tanduk kerbau dan bagian tengah mirip badan kapal.",RGA1.mp4,-1.482869,101.058722
R56,5,3,Rumah Gadang Suku Koto Kaciak Sutan Ajo Malelo ,"Desa Wisata Saribu Rumah, Nagari Koto Baru, Kec. Sungai Pagu, Kabupaten Solok Selatan, Sumatera Barat 27831",6:00:00,20:00:00,81374017100,"{ ""type"": ""Polygon"", ""coordinates"": [ [ [ 101.058527513606336, -1.483630216670911 ], [ 101.057969614131238, -1.484102127152312 ], [ 101.058742090327513, -1.48433808235526 ], [ 101.058527513606336, -1.483630216670911 ] ] ] }",0,Tidak Homestay,"Rumah Gadang adalah nama untuk rumah adat Minangkabau yang merupakan rumah tradisional dan banyak jumpai di Sumatra Barat, Indonesia. Rumah ini juga disebut dengan nama lain oleh masyarakat setempat dengan nama Rumah Bagonjong atau ada juga yang menyebut dengan nama Rumah Baanjuang. Rumah ini mempunyai ciri-ciri yang sangat khas dan indah, yaitu bentuk atap melengkung seperti tanduk kerbau dan bagian tengah mirip badan kapal.",RGA1.mp4,-1.482704,101.058768
R57,5,3,Rumah Gadang Suku Panai Tanjuang Basri Dt. Rajo Batuah (Homestay 004),"Desa Wisata Saribu Rumah, Nagari Koto Baru, Kec. Sungai Pagu, Kabupaten Solok Selatan, Sumatera Barat 27832",6:00:00,20:00:00,81374017100,"{ ""type"": ""Polygon"", ""coordinates"": [ [ [ 101.058527513606336, -1.483630216670911 ], [ 101.057969614131238, -1.484102127152312 ], [ 101.058742090327513, -1.48433808235526 ], [ 101.058527513606336, -1.483630216670911 ] ] ] }",100000,Homestay,"Rumah Gadang adalah nama untuk rumah adat Minangkabau yang merupakan rumah tradisional dan banyak jumpai di Sumatra Barat, Indonesia. Rumah ini juga disebut dengan nama lain oleh masyarakat setempat dengan nama Rumah Bagonjong atau ada juga yang menyebut dengan nama Rumah Baanjuang. Rumah ini mempunyai ciri-ciri yang sangat khas dan indah, yaitu bentuk atap melengkung seperti tanduk kerbau dan bagian tengah mirip badan kapal.",RGA1.mp4,-1.482769,101.058273
R58,5,3,Rumah Gadang A21 Suku Panai Dt. Rajo Batuah,"Desa Wisata Saribu Rumah, Nagari Koto Baru, Kec. Sungai Pagu, Kabupaten Solok Selatan, Sumatera Barat 27833",6:00:00,20:00:00,81374017100,"{ ""type"": ""Polygon"", ""coordinates"": [ [ [ 101.058527513606336, -1.483630216670911 ], [ 101.057969614131238, -1.484102127152312 ], [ 101.058742090327513, -1.48433808235526 ], [ 101.058527513606336, -1.483630216670911 ] ] ] }",0,Tidak Homestay,"Rumah Gadang adalah nama untuk rumah adat Minangkabau yang merupakan rumah tradisional dan banyak jumpai di Sumatra Barat, Indonesia. Rumah ini juga disebut dengan nama lain oleh masyarakat setempat dengan nama Rumah Bagonjong atau ada juga yang menyebut dengan nama Rumah Baanjuang. Rumah ini mempunyai ciri-ciri yang sangat khas dan indah, yaitu bentuk atap melengkung seperti tanduk kerbau dan bagian tengah mirip badan kapal.",RGA1.mp4,-1.482962,101.057848
R59,5,3,Rumah Gadang A20 Suku Panai Dt. Rajo Batuah,"Desa Wisata Saribu Rumah, Nagari Koto Baru, Kec. Sungai Pagu, Kabupaten Solok Selatan, Sumatera Barat 27834",6:00:00,20:00:00,81374017100,"{ ""type"": ""Polygon"", ""coordinates"": [ [ [ 101.058527513606336, -1.483630216670911 ], [ 101.057969614131238, -1.484102127152312 ], [ 101.058742090327513, -1.48433808235526 ], [ 101.058527513606336, -1.483630216670911 ] ] ] }",0,Tidak Homestay,"Rumah Gadang adalah nama untuk rumah adat Minangkabau yang merupakan rumah tradisional dan banyak jumpai di Sumatra Barat, Indonesia. Rumah ini juga disebut dengan nama lain oleh masyarakat setempat dengan nama Rumah Bagonjong atau ada juga yang menyebut dengan nama Rumah Baanjuang. Rumah ini mempunyai ciri-ciri yang sangat khas dan indah, yaitu bentuk atap melengkung seperti tanduk kerbau dan bagian tengah mirip badan kapal.",RGA1.mp4,-1.482941,101.058094
R60,5,3,Rumah Gadang Suku Melayu,"Desa Wisata Saribu Rumah, Nagari Koto Baru, Kec. Sungai Pagu, Kabupaten Solok Selatan, Sumatera Barat 27835",6:00:00,20:00:00,81374017100,"{ ""type"": ""Polygon"", ""coordinates"": [ [ [ 101.058527513606336, -1.483630216670911 ], [ 101.057969614131238, -1.484102127152312 ], [ 101.058742090327513, -1.48433808235526 ], [ 101.058527513606336, -1.483630216670911 ] ] ] }",0,Tidak Homestay,"Rumah Gadang adalah nama untuk rumah adat Minangkabau yang merupakan rumah tradisional dan banyak jumpai di Sumatra Barat, Indonesia. Rumah ini juga disebut dengan nama lain oleh masyarakat setempat dengan nama Rumah Bagonjong atau ada juga yang menyebut dengan nama Rumah Baanjuang. Rumah ini mempunyai ciri-ciri yang sangat khas dan indah, yaitu bentuk atap melengkung seperti tanduk kerbau dan bagian tengah mirip badan kapal.",RGA1.mp4,-1.482373,101.058737
R61,5,3,Rumah Gadang Ibu Rita Kaum Bariang Baruah Dt. Bagindo Sati (Homestay 015),"Desa Wisata Saribu Rumah, Nagari Koto Baru, Kec. Sungai Pagu, Kabupaten Solok Selatan, Sumatera Barat 27836",6:00:00,20:00:00,81374017100,"{ ""type"": ""Polygon"", ""coordinates"": [ [ [ 101.058527513606336, -1.483630216670911 ], [ 101.057969614131238, -1.484102127152312 ], [ 101.058742090327513, -1.48433808235526 ], [ 101.058527513606336, -1.483630216670911 ] ] ] }",150000,Homestay,"Rumah Gadang adalah nama untuk rumah adat Minangkabau yang merupakan rumah tradisional dan banyak jumpai di Sumatra Barat, Indonesia. Rumah ini juga disebut dengan nama lain oleh masyarakat setempat dengan nama Rumah Bagonjong atau ada juga yang menyebut dengan nama Rumah Baanjuang. Rumah ini mempunyai ciri-ciri yang sangat khas dan indah, yaitu bentuk atap melengkung seperti tanduk kerbau dan bagian tengah mirip badan kapal.",RGA1.mp4,-1.482450,101.058978
R62,5,3,Rumah Gadang Janewa Kaum Bariang Baruah Dt. Bagindo Sati (Homestay 018),"Desa Wisata Saribu Rumah, Nagari Koto Baru, Kec. Sungai Pagu, Kabupaten Solok Selatan, Sumatera Barat 27837",6:00:00,20:00:00,81374017100,"{ ""type"": ""Polygon"", ""coordinates"": [ [ [ 101.058527513606336, -1.483630216670911 ], [ 101.057969614131238, -1.484102127152312 ], [ 101.058742090327513, -1.48433808235526 ], [ 101.058527513606336, -1.483630216670911 ] ] ] }",150000,Homestay,"Rumah Gadang adalah nama untuk rumah adat Minangkabau yang merupakan rumah tradisional dan banyak jumpai di Sumatra Barat, Indonesia. Rumah ini juga disebut dengan nama lain oleh masyarakat setempat dengan nama Rumah Bagonjong atau ada juga yang menyebut dengan nama Rumah Baanjuang. Rumah ini mempunyai ciri-ciri yang sangat khas dan indah, yaitu bentuk atap melengkung seperti tanduk kerbau dan bagian tengah mirip badan kapal.",RGA1.mp4,-1.482466,101.059071
R63,5,3,Rumah Gadang Hj. Miyah Kaum Bariang Baruah Dt. Bagindo Sati (Homestay 017),"Desa Wisata Saribu Rumah, Nagari Koto Baru, Kec. Sungai Pagu, Kabupaten Solok Selatan, Sumatera Barat 27838",6:00:00,20:00:00,81374017100,"{ ""type"": ""Polygon"", ""coordinates"": [ [ [ 101.058527513606336, -1.483630216670911 ], [ 101.057969614131238, -1.484102127152312 ], [ 101.058742090327513, -1.48433808235526 ], [ 101.058527513606336, -1.483630216670911 ] ] ] }",150000,Homestay,"Rumah Gadang adalah nama untuk rumah adat Minangkabau yang merupakan rumah tradisional dan banyak jumpai di Sumatra Barat, Indonesia. Rumah ini juga disebut dengan nama lain oleh masyarakat setempat dengan nama Rumah Bagonjong atau ada juga yang menyebut dengan nama Rumah Baanjuang. Rumah ini mempunyai ciri-ciri yang sangat khas dan indah, yaitu bentuk atap melengkung seperti tanduk kerbau dan bagian tengah mirip badan kapal.",RGA1.mp4,-1.482278,101.058996
R64,5,3,Rumah Gadang Ibu Hj. Yarlon Kaum Bariang Baruah Dt. Bagindo Sati (Homestay 019),"Desa Wisata Saribu Rumah, Nagari Koto Baru, Kec. Sungai Pagu, Kabupaten Solok Selatan, Sumatera Barat 27839",6:00:00,20:00:00,81374017100,"{ ""type"": ""Polygon"", ""coordinates"": [ [ [ 101.058527513606336, -1.483630216670911 ], [ 101.057969614131238, -1.484102127152312 ], [ 101.058742090327513, -1.48433808235526 ], [ 101.058527513606336, -1.483630216670911 ] ] ] }",150000,Homestay,"Rumah Gadang adalah nama untuk rumah adat Minangkabau yang merupakan rumah tradisional dan banyak jumpai di Sumatra Barat, Indonesia. Rumah ini juga disebut dengan nama lain oleh masyarakat setempat dengan nama Rumah Bagonjong atau ada juga yang menyebut dengan nama Rumah Baanjuang. Rumah ini mempunyai ciri-ciri yang sangat khas dan indah, yaitu bentuk atap melengkung seperti tanduk kerbau dan bagian tengah mirip badan kapal.",RGA1.mp4,-1.482309,101.058938
R65,5,3,Rumah Gadang Anan Kaum Bariang Baruah Dt. Bagindo Sati (Homestay 016),"Desa Wisata Saribu Rumah, Nagari Koto Baru, Kec. Sungai Pagu, Kabupaten Solok Selatan, Sumatera Barat 27840",6:00:00,20:00:00,81374017100,"{ ""type"": ""Polygon"", ""coordinates"": [ [ [ 101.058527513606336, -1.483630216670911 ], [ 101.057969614131238, -1.484102127152312 ], [ 101.058742090327513, -1.48433808235526 ], [ 101.058527513606336, -1.483630216670911 ] ] ] }",150000,Homestay,"Rumah Gadang adalah nama untuk rumah adat Minangkabau yang merupakan rumah tradisional dan banyak jumpai di Sumatra Barat, Indonesia. Rumah ini juga disebut dengan nama lain oleh masyarakat setempat dengan nama Rumah Bagonjong atau ada juga yang menyebut dengan nama Rumah Baanjuang. Rumah ini mempunyai ciri-ciri yang sangat khas dan indah, yaitu bentuk atap melengkung seperti tanduk kerbau dan bagian tengah mirip badan kapal.",RGA1.mp4,-1.482215,101.058815
R66,5,3,Rumah Gadang No.23,"Desa Wisata Saribu Rumah, Nagari Koto Baru, Kec. Sungai Pagu, Kabupaten Solok Selatan, Sumatera Barat 27841",6:00:00,20:00:00,81374017100,"{ ""type"": ""Polygon"", ""coordinates"": [ [ [ 101.058527513606336, -1.483630216670911 ], [ 101.057969614131238, -1.484102127152312 ], [ 101.058742090327513, -1.48433808235526 ], [ 101.058527513606336, -1.483630216670911 ] ] ] }",0,Tidak Homestay,"Rumah Gadang adalah nama untuk rumah adat Minangkabau yang merupakan rumah tradisional dan banyak jumpai di Sumatra Barat, Indonesia. Rumah ini juga disebut dengan nama lain oleh masyarakat setempat dengan nama Rumah Bagonjong atau ada juga yang menyebut dengan nama Rumah Baanjuang. Rumah ini mempunyai ciri-ciri yang sangat khas dan indah, yaitu bentuk atap melengkung seperti tanduk kerbau dan bagian tengah mirip badan kapal.",RGA1.mp4,-1.481644,101.060260
R67,5,3,Rumah Gadang Suku Panai Dt.Djopanjang (Homestay 010),"Desa Wisata Saribu Rumah, Nagari Koto Baru, Kec. Sungai Pagu, Kabupaten Solok Selatan, Sumatera Barat 27842",6:00:00,20:00:00,81374017100,"{ ""type"": ""Polygon"", ""coordinates"": [ [ [ 101.058527513606336, -1.483630216670911 ], [ 101.057969614131238, -1.484102127152312 ], [ 101.058742090327513, -1.48433808235526 ], [ 101.058527513606336, -1.483630216670911 ] ] ] }",200000,Homestay,"Rumah Gadang adalah nama untuk rumah adat Minangkabau yang merupakan rumah tradisional dan banyak jumpai di Sumatra Barat, Indonesia. Rumah ini juga disebut dengan nama lain oleh masyarakat setempat dengan nama Rumah Bagonjong atau ada juga yang menyebut dengan nama Rumah Baanjuang. Rumah ini mempunyai ciri-ciri yang sangat khas dan indah, yaitu bentuk atap melengkung seperti tanduk kerbau dan bagian tengah mirip badan kapal.",RGA1.mp4,-1.481656,101.060096
R68,5,3,Rumah Gadang A52 Suku Panai,"Desa Wisata Saribu Rumah, Nagari Koto Baru, Kec. Sungai Pagu, Kabupaten Solok Selatan, Sumatera Barat 27843",6:00:00,20:00:00,81374017100,"{ ""type"": ""Polygon"", ""coordinates"": [ [ [ 101.058527513606336, -1.483630216670911 ], [ 101.057969614131238, -1.484102127152312 ], [ 101.058742090327513, -1.48433808235526 ], [ 101.058527513606336, -1.483630216670911 ] ] ] }",0,Tidak Homestay,"Rumah Gadang adalah nama untuk rumah adat Minangkabau yang merupakan rumah tradisional dan banyak jumpai di Sumatra Barat, Indonesia. Rumah ini juga disebut dengan nama lain oleh masyarakat setempat dengan nama Rumah Bagonjong atau ada juga yang menyebut dengan nama Rumah Baanjuang. Rumah ini mempunyai ciri-ciri yang sangat khas dan indah, yaitu bentuk atap melengkung seperti tanduk kerbau dan bagian tengah mirip badan kapal.",RGA1.mp4,-1.482047,101.060141
R69,5,3,Rumah Gadang C05 Dt. Jo Pandapatan,"Desa Wisata Saribu Rumah, Nagari Koto Baru, Kec. Sungai Pagu, Kabupaten Solok Selatan, Sumatera Barat 27844",6:00:00,20:00:00,81374017100,"{ ""type"": ""Polygon"", ""coordinates"": [ [ [ 101.058527513606336, -1.483630216670911 ], [ 101.057969614131238, -1.484102127152312 ], [ 101.058742090327513, -1.48433808235526 ], [ 101.058527513606336, -1.483630216670911 ] ] ] }",0,Tidak Homestay,"Rumah Gadang adalah nama untuk rumah adat Minangkabau yang merupakan rumah tradisional dan banyak jumpai di Sumatra Barat, Indonesia. Rumah ini juga disebut dengan nama lain oleh masyarakat setempat dengan nama Rumah Bagonjong atau ada juga yang menyebut dengan nama Rumah Baanjuang. Rumah ini mempunyai ciri-ciri yang sangat khas dan indah, yaitu bentuk atap melengkung seperti tanduk kerbau dan bagian tengah mirip badan kapal.",RGA1.mp4,-1.481374,101.060330
R70,5,3,Rumah Gadang Suku Panai Tangah Dt.Rajo Panghulu (Homestay 009),"Desa Wisata Saribu Rumah, Nagari Koto Baru, Kec. Sungai Pagu, Kabupaten Solok Selatan, Sumatera Barat 27845",6:00:00,20:00:00,81374017100,"{ ""type"": ""Polygon"", ""coordinates"": [ [ [ 101.058527513606336, -1.483630216670911 ], [ 101.057969614131238, -1.484102127152312 ], [ 101.058742090327513, -1.48433808235526 ], [ 101.058527513606336, -1.483630216670911 ] ] ] }",100000,Homestay,"Rumah Gadang adalah nama untuk rumah adat Minangkabau yang merupakan rumah tradisional dan banyak jumpai di Sumatra Barat, Indonesia. Rumah ini juga disebut dengan nama lain oleh masyarakat setempat dengan nama Rumah Bagonjong atau ada juga yang menyebut dengan nama Rumah Baanjuang. Rumah ini mempunyai ciri-ciri yang sangat khas dan indah, yaitu bentuk atap melengkung seperti tanduk kerbau dan bagian tengah mirip badan kapal.",RGA1.mp4,-1.480805,101.060901